case_id,criterion,pull,argument
C-1,requirements,predictive,Формат пакета визначає наказ регулятора; редакції раз на рік із попередженням за три місяці
C-1,technology,adaptive,API реєстру запущене нещодавно; два методи вже змінювали поведінку без оголошення за квартал
C-1,release_cost,predictive,Помилка в пакеті означає припис регулятора оператору; дата подання наказом фіксована без перенесення
C-1,customer,predictive,Представник замовника відповідає три-п'ять днів; пропускає щотижневі демо; хоче підсумок раз на етап
C-1,contract,predictive,Договір fixed price за тендером; зміна обсягу вимагає додаткової угоди і двотижневого погодження юристів
C-1,team,predictive,Троє підрядників працюють з іншого міста за власним графіком; тестувальник один на два проєкти
C-2,requirements,adaptive,Беклог переписується після кожної серії інтерв'ю що два тижні; минулого місяця дві функції зникли
C-2,technology,adaptive,Стек знайомий команді; провайдер платежів має робочу пісочницю; релізи щотижневі з відкатом за десять хвилин
C-2,release_cost,predictive,Помилка в розрахунку комісії чи застави веде до ручних повернень і перегляду умов банком-еквайром
C-2,customer,adaptive,Співзасновник сидить поруч; дивиться демо щоп'ятниці; відповідає в чаті за півгодини і вирішує на місці
C-2,contract,adaptive,Зовнішнього договору немає; зафіксовані лише бюджет інвестора на дев'ять місяців і дата його завершення
C-2,team,adaptive,П'ятеро в одній кімнаті без вузьких спеціалізацій; тестувальника немає; тестують самі розробники
C-3,requirements,adaptive,Реальний процес погодження не збігається з регламентом; на кожному демо з'являються нові винятки
C-3,technology,predictive,Стара система без документації схеми; перше вивантаження показало відсутнє поле контрагента у восьмої частини
C-3,release_cost,adaptive,Користувачів лише сорок; більшість помилок ловиться того ж дня і виправляється наступного
C-3,customer,adaptive,Керівниця юридичного відділу доступна щотижня; приводить своїх людей на демо і дає розгорнутий фідбек
C-3,contract,predictive,Договір fixed price; технічне завдання писали до першого демо; бюджет на рік не переглядається
C-3,team,adaptive,Четверо в одному офісі працюють разом два роки; беруть суміжні задачі спокійно без жорсткої спеціалізації